{"bleu": [1.8408621629814985, 0.5973158470802743, 1.1884528032369246, 1.1589983035853106, 0.9757037553354687, 1.1120924168355502, 1.361654920369654, 1.478344086723866, 1.344412273099279, 0.6426358443323621], "chrf": [33.72683566365585, 26.824762790153617, 27.18111982371344, 28.336566307618387, 26.723873158668006, 29.48503597500437, 28.36998531822469, 28.975359234907916, 28.55467244413515, 28.841189505312943], "ter": [96.17834394904459, 102.48091603053436, 94.47983014861995, 97.02517162471396, 99.33184855233853, 95.8955223880597, 98.76543209876543, 92.87257019438445, 93.33333333333333, 105.18962075848304]}