{"bleu": [0.029000841097983163, 0.02877112215301702, 0.07172740699245173, 0.03890192479202146, 0.03901986251598386, 0.030210202362202027, 0.036700892851098364, 0.0413315044934288, 0.06534650491169791, 0.03551704867118031], "chrf": [13.59640894694372, 14.505075297326503, 15.519154812445276, 14.381406833300634, 14.259649466988225, 14.244350281003603, 14.486017240478219, 14.948039761801816, 14.97636075127868, 14.789153483014761], "ter": [449.25690021231424, 379.7709923664122, 347.13375796178343, 393.1350114416476, 381.51447661469933, 409.14179104477614, 389.09465020576135, 357.6673866090713, 367.8095238095238, 357.0858283433134]}