{"bleu": [0.027429968928685426, 0.03184048069623332, 0.044034718235806215, 0.032958350247306895, 0.04136110719502972, 0.032315120003927285, 0.03403582557718125, 0.0350196163083741, 0.03463148582197818, 0.08607334258383473], "chrf": [12.481318456190877, 13.225677373457886, 14.362724954647488, 12.83957250956326, 13.251473984250564, 13.18272284612932, 13.13459082431731, 13.31874369502399, 13.528389172442932, 13.684131598507381], "ter": [442.67515923566873, 379.19847328244276, 342.25053078556266, 382.60869565217394, 375.0556792873051, 405.7835820895522, 383.53909465020575, 355.72354211663065, 366.0952380952381, 353.4930139720559]}