{"bleu": [0.03035625067131777, 0.06618297857264521, 0.04552953433996015, 0.03817539953144926, 0.04136110719502972, 0.02893572654323606, 0.03196319409335543, 0.04248732696901919, 0.06396250235211465, 0.044127070498444464], "chrf": [12.3035086479678, 14.317155017859326, 14.258179857833184, 13.544070815514242, 13.351238665573014, 12.634399631649362, 13.613584443190941, 13.346169327582324, 13.498682378638074, 14.478858985160572], "ter": [441.8259023354564, 377.09923664122135, 341.8259023354565, 381.92219679633865, 375.2783964365256, 406.7164179104478, 383.7448559670782, 354.21166306695466, 364.95238095238096, 353.2934131736527]}