{"bleu": [1.859957967616262, 0.6715830949991751, 1.2479029171815292, 1.206334407781673, 1.0965385799461203, 1.1647887984319347, 1.361654920369654, 1.5070632074711758, 1.3761786405152157, 0.6399573589744761], "chrf": [35.038257889109595, 28.61843249429968, 28.524346173238367, 29.50666023500723, 29.427925690764784, 30.767448809241543, 29.407116901902803, 30.39982447847781, 29.936912677857748, 28.83306315515821], "ter": [97.66454352441613, 102.48091603053436, 96.81528662420382, 98.39816933638444, 100.0, 98.13432835820896, 98.559670781893, 92.22462203023758, 92.57142857142857, 105.58882235528941]}