{"bleu": [0.9996666179913133, 0.5392143160164177, 0.9563134647625938, 0.6498857327000921, 1.027848582135403, 0.5543266331832786, 0.8771840533141123, 1.1920519255435045, 1.0783143734975214, 0.5422918735139465], "chrf": [31.904014513476163, 26.397701672031186, 27.661744571010622, 26.54073450084638, 27.92353338584909, 28.25333517904369, 27.408395266295532, 28.44889275997855, 27.586118452939367, 26.914763441802446], "ter": [99.15074309978769, 103.05343511450383, 94.90445859872611, 100.2288329519451, 99.33184855233853, 98.13432835820896, 100.41152263374487, 93.08855291576674, 94.66666666666667, 106.3872255489022]}