{"bleu": [0.23638624869505678, 0.24619992038300292, 0.38326715920637683, 0.3434892983170181, 0.697243849382892, 0.7349311541198215, 0.3088052242502667, 0.22613745961457216, 0.47712537505024805, 0.3642950587871931], "chrf": [19.24999225058605, 19.714904977195527, 18.352510865219017, 18.84406168964044, 20.622902130652054, 19.011588456859684, 20.512667851286874, 18.338054821725528, 21.683684276566886, 21.10662198935715], "ter": [90.21803182086035, 89.02298850574712, 88.31242873432154, 89.59601549529607, 89.26056338028168, 87.98898071625344, 88.97136797454931, 89.26247288503254, 89.44511459589867, 90.0555898702903]}