{"bleu": [0.006369043054377957, 0.01182926240198192, 0.01033600148181283, 0.008159918342118528, 0.01050111670739754, 0.010170923207077116, 0.007970497041579922, 0.00849346864581076, 0.005934553561844966, 0.00778494779737271], "chrf": [12.108986873621493, 11.769727550840882, 12.468875317291998, 12.581308896110277, 12.683586763125202, 12.604298916611235, 12.574745204666307, 10.09329368605594, 12.452211072384454, 12.138655454435558], "ter": [385.0118483412322, 406.50921658986175, 389.3896177980605, 391.6943521594684, 376.51203758073984, 401.715550636414, 383.9617631439193, 370.3422053231939, 416.8681983071342, 392.56965944272446]}