{"bleu": [0.4157602558083792, 0.7147895564491058, 1.0264160058080762, 0.8065359500599544, 1.599582567336215, 1.4863638075723205, 0.746501210954206, 0.5591327293708052, 0.8078604193476675, 0.7141396844790653], "chrf": [18.343664551159744, 22.161201627103434, 19.803854208974887, 20.052281137761007, 20.912905531206523, 20.527461033986054, 22.353670265512985, 19.721223351747604, 21.173962912406143, 20.582139187367527], "ter": [97.51184834123224, 96.25576036866359, 95.26525955504849, 97.56367663344408, 95.94832648267763, 96.18151632540122, 96.9198088157196, 95.92612710483432, 96.49334945586457, 98.08049535603716]}