{"bleu": [2.7742828571037483, 2.382977398229538, 2.386118695333445, 2.971074704575767, 2.0866757413031793, 2.499394651746311, 1.4113792660444446, 2.307747301472923, 2.0525298006151136, 0.9949131410330746], "chrf": [40.493129993393126, 35.591806076127554, 39.69647091677055, 37.559022311241236, 34.26126278413427, 38.82322619778353, 37.51832872998448, 35.579868157114305, 38.244722822483624, 35.85928620889877], "ter": [69.51983298538622, 76.55954631379961, 72.63157894736842, 74.04063205417607, 75.33039647577093, 71.53419593345656, 73.70600414078675, 74.89270386266095, 76.00767754318618, 74.95069033530572]}