{"bleu": [2.7455011268962592, 1.9047437687139948, 2.1887027060057944, 2.8833128666434695, 1.779179003035623, 2.259682199368846, 1.7471670425418524, 2.154001064570791, 1.9585310418473068, 1.4180771746112275], "chrf": [39.38369973183295, 34.8360249588906, 38.871381919192736, 37.470393348093204, 32.534837137102265, 37.65584675822158, 38.44483949086224, 35.2537822679254, 36.26860114661488, 36.4889805946296], "ter": [70.77244258872652, 75.61436672967864, 72.63157894736842, 74.4920993227991, 77.09251101321586, 72.82809611829944, 72.87784679089026, 75.32188841201717, 77.35124760076776, 74.35897435897436]}