{"bleu": [0.38557384951072615, 0.6897105004248215, 1.0009017758630327, 0.7955766893167971, 1.5197820859048399, 1.4440830102676532, 0.746501210954206, 0.5430188134433335, 0.839748287035797, 0.6843521008359507], "chrf": [18.033524489240026, 21.835260989877135, 19.54464390453868, 19.736187740052205, 20.522544174967134, 20.24812307409764, 22.421186633196026, 19.31691257827022, 21.85538308517991, 20.15554752276936], "ter": [97.98578199052133, 96.54377880184332, 95.60752994865945, 97.95127353266888, 96.35936582501468, 96.51355838406198, 96.9198088157196, 96.03476371537208, 96.00967351874245, 98.51393188854489]}