{"bleu": [0.031119473271559894, 0.05888105319038492, 0.12242809579638286, 0.07034454586321696, 0.02631165109547202, 0.031560430555257486, 0.03479240193852863, 0.035114651036770896, 0.049822872670162686, 0.059787013282788536], "chrf": [12.91180174749523, 14.742393425367645, 14.197465712644133, 13.056697988363588, 12.596064334604618, 13.688281893628645, 11.663412028054474, 13.5412878838416, 14.728492009543961, 12.961067513431129], "ter": [540.2922755741128, 530.6238185255198, 518.7368421052631, 527.765237020316, 527.0925110132158, 523.6598890942699, 532.9192546583851, 514.8068669527897, 540.1151631477927, 511.0453648915187]}