{"bleu": [0.22560104571938994, 0.2310395311894767, 0.3640280985761153, 0.37285862069447867, 0.6780026438086196, 0.7425246846459528, 0.3012586244168063, 0.22496023348199862, 0.4536951465626537, 0.328407209337281], "chrf": [19.03917936694414, 19.122973854999977, 17.761030365413948, 18.269996065881283, 20.23139884120042, 18.65894441484158, 20.05746461262774, 18.309908686242316, 22.298049818144637, 20.749571204004823], "ter": [90.45374189746612, 89.77011494252874, 88.93956670467503, 89.48533480907581, 89.49530516431925, 88.81542699724518, 89.39554612937434, 89.47939262472885, 89.56574185765983, 90.11735639283508]}