{"bleu": [0.009986271064333065, 0.007162750315373229, 0.009962998819700197, 0.00800242416253304, 0.018881855931210133, 0.008946307617626954, 0.007863605299045087, 0.009518240103865594, 0.009123813321675266, 0.008508562901423792], "chrf": [11.731110867490235, 12.093221767513999, 12.222218968583066, 12.538322457640335, 12.494948189511648, 12.139951218578087, 12.769586216163317, 12.644828797622084, 12.413031575139142, 11.962535949317816], "ter": [467.7132701421801, 544.5276497695852, 455.56189389617793, 463.2890365448505, 440.28185554903115, 524.1283895960155, 463.8343069569835, 459.2612710483433, 516.6868198307134, 503.09597523219816]}