{"bleu": [0.3821577729383836, 0.3580002341066191, 0.8099103431770618, 0.5696943973519737, 0.42272475981832425, 0.5307381060924302, 0.4715806458129257, 0.5319434419322369, 0.6221382126183226, 0.7086952691692583], "chrf": [16.69866839031961, 20.727739890605633, 18.43298537525755, 18.79702638971519, 19.25528245885733, 19.096136429677692, 20.317876782820633, 18.664828245832094, 19.272467700669687, 19.36130990334912], "ter": [101.54028436018959, 100.0, 99.42954934398175, 99.77851605758582, 99.58896065766295, 98.67183176535694, 100.0, 99.23954372623575, 99.39540507859735, 100.0]}