{"bleu": [3.2761676984089183, 2.324185098087796, 2.501808763467927, 3.386468501630469, 2.1623721224631343, 2.709500912373747, 2.0903138440217752, 2.3646622028239808, 2.2589217507763943, 1.753432194813395], "chrf": [42.86375609690316, 36.832677021921526, 40.91766861718316, 41.344843191317345, 35.8660493996626, 40.93730195702933, 39.85789465908376, 38.116624362545, 39.60922447348662, 37.58468629164586], "ter": [67.01461377870564, 75.23629489603024, 70.94736842105263, 69.52595936794582, 73.7885462555066, 69.13123844731977, 69.77225672877847, 72.53218884120172, 72.16890595009598, 72.58382642998028]}