{"bleu": [0.061031512953104466, 0.09411499637747288, 0.13455747119007258, 0.1822464431330355, 0.06753772877176434, 0.12860324067651088, 0.11912788991429005, 0.055758372681029116, 0.15282102010521897, 0.05109477373300246], "chrf": [7.264881962162825, 8.61908149723591, 9.240857159868918, 10.329936903193124, 7.873272871992596, 8.728990766391002, 9.986140698470201, 8.424184839779729, 9.186192627325477, 6.641073577945636], "ter": [92.92869770182676, 90.51724137931035, 90.42189281641961, 88.59988931931379, 91.84272300469483, 89.47658402203857, 90.34994697773064, 91.97396963123644, 90.95295536791315, 93.45274861025324]}