{"bleu": [3.2761676984089183, 2.324185098087796, 2.501808763467927, 3.386468501630469, 2.1623721224631343, 2.709500912373747, 2.0903138440217752, 2.3646622028239808, 2.2589217507763943, 1.753432194813395], "chrf": [42.84286673456222, 36.832677021921526, 40.91766861718316, 41.34962582285001, 35.842183963482086, 40.90651639349121, 39.86206598057747, 38.12098675470346, 39.65310064356306, 37.58860680954027], "ter": [67.01461377870564, 75.23629489603024, 70.94736842105263, 69.52595936794582, 73.7885462555066, 69.13123844731977, 69.77225672877847, 72.53218884120172, 72.16890595009598, 72.58382642998028]}