{"bleu": [0.061031512953104466, 0.09411499637747288, 0.13455747119007258, 0.1822464431330355, 0.06753772877176434, 0.12860324067651088, 0.11912788991429005, 0.055758372681029116, 0.15282102010521897, 0.05109477373300246], "chrf": [7.262913978556093, 8.61925425029053, 9.249190627871243, 10.330129822165375, 7.873272871992596, 8.72205095584576, 9.986140698470201, 8.411927572268217, 9.186192627325477, 6.627252762337413], "ter": [92.92869770182676, 90.51724137931035, 90.42189281641961, 88.59988931931379, 91.84272300469483, 89.47658402203857, 90.34994697773064, 91.97396963123644, 90.95295536791315, 93.45274861025324]}