{"bleu": [3.272145385486648, 2.324185098087796, 2.501808763467927, 3.386468501630469, 2.1623721224631343, 2.70638832721064, 2.087543375583098, 2.361114312558725, 2.2560927887449402, 1.753432194813395], "chrf": [42.91628877368158, 36.832677021921526, 40.94939791186282, 41.34962582285001, 35.87572475163967, 40.97537191496423, 39.815929428550504, 38.17280883926589, 39.6444400606649, 37.62452749058202], "ter": [67.22338204592901, 75.23629489603024, 70.94736842105263, 69.52595936794582, 73.7885462555066, 69.31608133086876, 69.77225672877847, 72.74678111587983, 72.16890595009598, 72.58382642998028]}