{"bleu": [0.061031512953104466, 0.09411499637747288, 0.13455747119007258, 0.1822464431330355, 0.06753772877176434, 0.1284685068711524, 0.11912788991429005, 0.05568637979665363, 0.15282102010521897, 0.05101269351021426], "chrf": [7.262913978556093, 8.61925425029053, 9.249190627871243, 10.335975831418946, 7.879838691601622, 8.744781853860236, 9.986140698470201, 8.424078461483154, 9.160859700507865, 6.647572802752721], "ter": [92.92869770182676, 90.51724137931035, 90.42189281641961, 88.59988931931379, 91.84272300469483, 89.53168044077135, 90.34994697773064, 92.02819956616052, 90.89264173703256, 93.51451513279802]}