{"bleu": [0.002675157059359157, 0.010157424638446688, 0.0002674841458695048, 0.013896437315196852, 0.013311177279473271, 8.70815626263203e-05, 0.0004531644067517039, 0.004601806417069683, 0.005313230680157948, 0.00040032141838828737], "chrf": [2.81475318266167, 3.9760723237245235, 2.3835647558310242, 5.312227493752508, 3.65202028293402, 1.897420595021372, 2.527458140354192, 3.761838293982162, 3.3065893708581893, 2.4854764225015913], "ter": [98.51380042462846, 97.32824427480917, 98.50746268656717, 96.5675057208238, 96.42058165548099, 99.44029850746269, 98.54771784232366, 96.96312364425162, 98.84393063583815, 98.99799599198397]}