{"bleu": [0.000297982505321628, 0.018194200599969346, 0.0014382022903732421, 0.0016563227951341944, 0.0017339073166806002, 0.0015627149132627892, 9.288574343289114e-05, 0.0008410644596424674, 0.0027985975314238592, 0.005889746722508446], "chrf": [2.0910753806094426, 3.6253764664571753, 2.2008794183186424, 3.690916765038384, 2.6887772610602085, 2.527702065656998, 2.0188984323582133, 2.966486698820663, 3.5583091500632325, 3.212559548763163], "ter": [99.78448275862068, 96.34615384615385, 98.29787234042553, 97.91666666666666, 96.65178571428571, 98.49056603773585, 99.17184265010351, 98.0349344978166, 97.49034749034749, 96.9939879759519]}