{"bleu": [0.47778525672419486, 0.37362452185644146, 0.1882689702984051, 0.211457592506021, 0.44026805255071516, 0.5411743387116317, 0.771316718744691, 0.3726806077810234, 0.16239593406859432, 0.31977419462929585], "chrf": [7.175829198701756, 8.47385504231964, 5.957640886567468, 7.237534774965081, 7.055484385580082, 7.242265081754609, 7.098293664560148, 7.2531336899061785, 6.249433228419264, 6.655368907021971], "ter": [90.94827586206897, 92.3076923076923, 91.48936170212765, 91.66666666666666, 89.28571428571429, 90.18867924528303, 90.06211180124224, 91.0480349344978, 91.6988416988417, 91.78356713426854]}