{"bleu": [0.16684243459087053, 0.15604514618948312, 0.15964307507840705, 0.17520081833656861, 0.19924286924232815, 0.12131970652602957, 0.1829204700384359, 0.1646506380098756, 0.13788051091839096, 0.13619082024881068], "chrf": [11.985626565803756, 12.405631051461649, 11.123370829514649, 13.43682405225567, 13.827263300235057, 12.71655636486492, 12.303207344100004, 13.511955053740014, 11.10013982061128, 13.686950600617209], "ter": [102.76008492569002, 100.0, 100.0, 102.05949656750573, 100.89485458612974, 101.67910447761194, 103.31950207468881, 101.30151843817788, 100.0, 102.8056112224449]}