{"bleu": [0.09153571412374663, 0.07950444994022299, 0.09088797178767948, 0.0, 0.0981892898914764, 0.0, 0.1057214523518924, 0.0, 0.0, 0.08466987348937419], "chrf": [11.42044649286814, 11.999077703301065, 8.610498089896616, 10.997862778150866, 12.918441632910968, 8.164654687215245, 9.525496704989209, 9.817255359529232, 5.688295616305886, 10.40489285167287], "ter": [104.03397027600849, 102.86259541984732, 101.91897654584221, 103.66132723112129, 102.23713646532437, 103.17164179104476, 104.35684647302905, 102.38611713665944, 101.54142581888246, 104.20841683366733]}