{"bleu": [8.026153310744477e-05, 0.002835018594968264, 8.980280731561385e-05, 0.0033782140161488197, 0.00021433594055153156, 1.4151218087024579e-05, 2.010287354280704e-05, 8.026574376727407e-05, 0.001148710744579382, 0.00022004064858165473], "chrf": [1.7087571032563955, 3.1096233690648623, 2.12775703703318, 3.872632551329013, 2.1337622156771543, 1.6149238345147814, 2.2696219296126263, 2.510398389441316, 3.543024320205975, 2.3441457528844647], "ter": [99.36305732484077, 97.90076335877863, 100.0, 97.02517162471396, 98.65771812080537, 98.32089552238806, 98.96265560165975, 98.0477223427332, 98.45857418111753, 98.79759519038076]}