{"bleu": [0.12025193249211187, 0.17725849818579895, 0.13003383617143444, 0.16462111950832595, 0.15929358163851734, 0.12217533669497088, 0.1658084963913848, 0.09411368558429352, 0.19220390805812165, 0.13859030574187364], "chrf": [11.009965912677217, 12.266587706707657, 12.296659247818624, 13.542535415616012, 12.751400852347885, 13.223140719928086, 14.145864791813864, 12.74651563585383, 11.740425635592976, 13.361974691388218], "ter": [105.30785562632697, 104.58015267175573, 102.3454157782516, 104.34782608695652, 103.35570469798658, 103.35820895522387, 106.01659751037344, 103.03687635574836, 102.3121387283237, 104.00801603206413]}