{"bleu": [0.0905444085082271, 0.07711880479415635, 0.11387712423694406, 0.0, 0.0, 0.0, 0.08660015669761623, 0.10442890783722945, 0.0, 0.08204713518526899], "chrf": [8.327287826530064, 12.424710124460956, 7.464835816982843, 10.104125460251428, 11.850727471515334, 9.991783340153432, 9.291352672767035, 9.725455657527565, 6.429114352854006, 9.856248390742026], "ter": [101.91082802547771, 101.33587786259541, 100.21321961620468, 101.83066361556064, 101.34228187919463, 102.05223880597015, 102.69709543568464, 100.65075921908895, 100.57803468208093, 102.60521042084167]}