{"bleu": [3.90362552715156e-05, 0.012430941769796606, 6.682336647172035e-06, 0.008534090674897616, 0.0014418968780431421, 0.00031786955022656123, 7.703710667363804e-05, 0.00418891549117996, 0.0020565453453849805, 0.002996508625893982], "chrf": [1.6366729955738937, 3.440878344239928, 1.954156906688031, 4.3629702552519305, 2.5836630421667457, 2.501208599027691, 2.4784823171802106, 4.5356101828448, 3.650678090963386, 3.242365618553402], "ter": [99.13793103448276, 98.07692307692307, 98.93617021276596, 97.68518518518519, 97.54464285714286, 99.24528301886792, 97.9296066252588, 97.81659388646288, 98.06949806949807, 98.99799599198397]}