{"bleu": [0.0, 0.0, 0.0, 0.0, 0.0, 0.0, 0.0, 0.0, 0.0, 0.0], "chrf": [0.493389166826383, 0.31032036989455686, 0.12200167006785456, 0.542260643756745, 0.5974949035868456, 0.13270311044277086, 0.24248788693155923, 0.43790777979599127, 0.477480885890919, 0.3466725319568493], "ter": [99.36305732484077, 99.23664122137404, 100.0, 99.31350114416476, 99.32885906040269, 100.0, 100.0, 100.0, 99.8073217726397, 100.0]}