{"bleu": [0.0031533599185956515, 0.011672677362281362, 0.0002674841458695048, 0.013896437315196852, 0.014554356319797271, 8.70815626263203e-05, 0.0006649946409555795, 0.005084228527298966, 0.005797910696128687, 0.0005611837197634362], "chrf": [2.841360401764462, 4.008392522243861, 2.3835647558310242, 5.312227493752508, 3.6279833825497336, 1.879864334915286, 2.6973367224300078, 3.751532245717698, 3.3709168178741638, 2.6136098810087587], "ter": [98.51380042462846, 97.32824427480917, 98.50746268656717, 96.5675057208238, 96.64429530201343, 99.44029850746269, 98.54771784232366, 96.96312364425162, 98.84393063583815, 98.99799599198397]}