{"bleu": [0.0, 0.0, 0.0, 0.0, 0.0, 0.0, 0.0, 0.0, 0.0, 0.0], "chrf": [0.4540099142870506, 0.5323176521226616, 0.34245406079428614, 0.3731362240752957, 0.239643129311819, 0.2748896785024673, 0.4176339661510895, 0.3949612251099693, 0.3084935510058424, 0.23044076667116434], "ter": [100.0, 99.04580152671755, 99.7867803837953, 99.77116704805492, 99.55257270693512, 100.0, 99.79253112033194, 99.34924078091106, 99.8073217726397, 99.79959919839679]}