{"bleu": [0.3893713401070279, 0.7481226683040704, 0.3716730566508565, 0.25719737184692065, 0.4248669615512459, 0.2099187840253478, 0.3942779007654077, 0.5446314426822811, 0.4920919757311608, 0.22302962164780987], "chrf": [7.432067285964894, 9.102624719374825, 6.509638128849976, 8.318578675479028, 8.152887931149523, 7.339826222613582, 6.557020923262283, 7.232943485644217, 7.913449097261724, 8.71441508383206], "ter": [93.84288747346072, 91.79389312977099, 92.53731343283582, 93.36384439359267, 91.94630872483222, 92.53731343283582, 92.73858921161826, 91.97396963123644, 91.13680154142581, 94.18837675350701]}