{"bleu": [0.21864087929176934, 0.19632364683283662, 0.21046175554052726, 0.24600561390333042, 0.24634656884265296, 0.20952371164657557, 0.22912247812111713, 0.2248693947513987, 0.19750629462458447, 0.20886984484203672], "chrf": [2.910725646049343, 2.918282215427851, 2.50931709101726, 3.0842005969778334, 3.0901170684344947, 2.9962656509091126, 3.0747631860239726, 3.4930048036134838, 2.9414910073237177, 3.57353949176442], "ter": [94.69214437367303, 93.89312977099237, 93.17697228144989, 93.13501144164759, 91.72259507829978, 91.4179104477612, 92.73858921161826, 91.75704989154013, 92.10019267822736, 94.38877755511022]}