{"bleu": [0.9424119748776599, 0.5021966775571926, 0.2148335360439422, 0.2566269410133946, 0.5768815413378302, 0.43110056100020494, 0.23142550595018577, 0.4567730331335518, 0.4143223830427072, 0.4468729733689321], "chrf": [5.723926396937388, 6.330588201963969, 3.749695662098742, 5.06225890115261, 5.330934074868846, 5.076555396753072, 4.48334049217929, 5.9822101515569415, 5.233411382852994, 6.6225345033281355], "ter": [92.78131634819533, 92.55725190839695, 92.96375266524521, 92.44851258581235, 90.1565995525727, 90.48507462686567, 92.9460580912863, 92.19088937093277, 91.13680154142581, 93.3867735470942]}