{
    "bleu": [
        0.22271258247881684,
        0.3579224803469821,
        0.1990418990476486,
        0.37751820244157647,
        0.36461751862801955,
        0.3444129784695333,
        0.2956187653401174,
        0.3384465260926579,
        0.35758850082371646,
        0.38141066259537654
    ],
    "chrf": [
        11.779863434273524,
        13.271660094162144,
        13.716324197410973,
        14.53307616720269,
        14.028866706087253,
        15.120611706219709,
        15.540189083877168,
        13.70488230095502,
        15.08829192156386,
        12.912792207901605
    ],
    "ter": [
        131.73277661795407,
        125.25050100200401,
        119.92551210428306,
        133.4061135371179,
        138.1578947368421,
        133.0078125,
        162.81755196304852,
        140.46610169491524,
        126.21722846441948,
        127.8
    ]
}