{
    "bleu": [
        0.07141190570541595,
        0.06849373047176244,
        0.05784264780248862,
        0.06164064604556637,
        0.06371449917432365,
        0.10542818056578548,
        0.07256918287973142,
        0.06294684256961347,
        0.06372296553543687,
        0.05756515368477003
    ],
    "chrf": [
        9.103789560453258,
        8.802213808702959,
        8.960345723180922,
        9.927454436508212,
        8.337702388289454,
        8.919899732908913,
        8.22650755775734,
        8.949081314663658,
        8.217014778358054,
        9.147436593285354
    ],
    "ter": [
        187.53180661577608,
        184.6953937592868,
        206.66666666666669,
        207.4675324675325,
        197.8013029315961,
        202.43704305442728,
        190.48013245033113,
        193.50850077279753,
        195.6070287539936,
        204.13354531001588
    ]
}