{
    "bleu": [
        0.02526970319773731,
        0.0262506334339532,
        0.04685445206885556,
        0.029565367722946857,
        0.025978973162020722,
        0.029222551136877602,
        0.027686008647528716,
        0.021765688070659876,
        0.029271297965662208,
        0.024229676710804813
    ],
    "chrf": [
        8.6240387685204,
        8.767809822683372,
        9.159489535138627,
        9.238657266537592,
        9.04286563062795,
        8.830896468365212,
        9.653694302806132,
        8.760416061333153,
        8.64859576301286,
        8.5379117562464
    ],
    "ter": [
        102.57222002374358,
        102.45350217649387,
        101.78076770874556,
        102.69093787099328,
        102.45350217649387,
        102.77008310249307,
        102.01820340324494,
        101.58290462999604,
        102.53264740799366,
        102.09734863474476
    ]
}