{
    "bleu": [
        0.04699837462173609,
        0.049837339801322475,
        0.0484918134567579,
        0.05090163787277267,
        0.0858945717395377,
        0.0534324368960207,
        0.04858777743599915,
        0.04391415015235076,
        0.0896341079694803,
        0.07602260264109112
    ],
    "chrf": [
        9.202096108822722,
        9.006225814232735,
        9.053071917193192,
        9.091035941471699,
        9.506123837043507,
        9.01983025458416,
        8.93346587576422,
        9.479786872775117,
        9.531997169250683,
        9.804825735295676
    ],
    "ter": [
        201.29487934078873,
        192.02813599062134,
        191.32653061224488,
        188.7458006718925,
        192.35328986366332,
        181.06607440310938,
        182.7167019027484,
        197.24025974025975,
        214.9000605693519,
        208.1014223871367
    ]
}